ride_id,driver_id,date_id,ride_city_id,promo_id,distance_km,duration_min,fare,fare_per_km,speed_kmh,rating
1,110,20038,3,2,5.8,8,11.01,1.9,43.5,3.8
2,112,20046,2,2,2.6,5,5.69,2.19,31.2,4.8
3,147,20041,5,4,4.6,8,8.95,1.95,34.5,4.5
4,120,20039,1,3,26.5,46,54.88,2.07,34.57,4.7
5,193,20034,5,1,15.9,26,20.45,1.29,36.69,4.2
6,119,20043,1,2,34.4,77,90.25,2.62,26.81,4.9
7,144,20054,5,4,29.5,48,58.48,1.98,36.88,3.7
8,137,20055,3,3,33.1,55,41.67,1.26,36.11,4
9,200,20033,4,3,38.1,81,59.02,1.55,28.22,4.3
10,119,20034,2,1,27.6,56,39.41,1.43,29.57,3.8
11,170,20047,3,4,29.3,47,82.09,2.8,37.4,4.8
12,144,20045,4,2,16,29,30.92,1.93,33.1,3.7
13,161,20055,5,3,11.4,18,10.58,0.93,38,3.9
14,148,20041,5,1,12.9,31,34.17,2.65,24.97,3.8
15,127,20038,2,3,26.4,59,77.73,2.94,26.85,4.6
16,136,20052,2,1,49.7,116,49.96,1.01,25.71,4.9
17,132,20044,1,3,42.9,84,125.46,2.92,30.64,3.7
18,160,20032,4,4,34.5,82,24.27,0.7,25.24,4.8
19,122,20048,2,1,43.1,65,117.71,2.73,39.78,3.8
20,107,20052,1,1,21.7,44,30,1.38,29.59,4.9
21,160,20047,1,2,34.5,56,31.56,0.91,36.96,3.9
22,170,20046,5,2,32.8,67,95.3,2.91,29.37,4.5
23,147,20051,4,4,17.7,34,20.68,1.17,31.24,4.9
24,141,20035,2,2,42.9,74,121.53,2.83,34.78,4.7
25,151,20032,3,3,21.9,35,43.21,1.97,37.54,4.2
26,190,20054,3,1,14.3,31,30.32,2.12,27.68,4.8
27,113,20030,3,4,33.2,74,73.77,2.22,26.92,3.7
28,187,20035,1,4,46.1,82,99.46,2.16,33.73,4.5
29,103,20034,2,2,39.6,69,30.35,0.77,34.43,3.7
30,190,20044,4,3,24.2,50,28.81,1.19,29.04,3.9
31,164,20044,3,1,13.8,24,24.67,1.79,34.5,4.4
32,135,20034,5,2,1.9,2,4.46,2.35,57,4.5
33,193,20041,3,4,41.6,73,97.98,2.36,34.19,4.7
34,188,20037,5,2,17.8,39,20.94,1.18,27.38,3.5
35,195,20051,2,3,46.2,109,87.16,1.89,25.43,4.6
36,190,20052,3,3,16.9,34,13.12,0.78,29.82,4.7
37,170,20038,5,1,41.1,67,108.1,2.63,36.81,4.3
38,149,20037,3,3,26.9,41,61.77,2.3,39.37,4.5
39,175,20040,1,3,40.5,62,34.84,0.86,39.19,4.7
40,158,20040,4,3,43.9,102,57.95,1.32,25.82,4
41,191,20031,3,2,9.6,19,17.61,1.83,30.32,4.3
42,130,20057,3,1,9.8,23,12.85,1.31,25.57,3.5
43,115,20045,2,3,38.9,91,87.05,2.24,25.65,4.4
44,122,20041,2,2,7,12,4.12,0.59,35,4.5
45,146,20046,4,2,22.7,54,67.44,2.97,25.22,4.8
46,172,20038,5,2,10.1,17,10.02,0.99,35.65,4.5
47,152,20037,5,3,17.5,41,35.47,2.03,25.61,3.8
48,104,20040,1,3,9.5,22,22.65,2.38,25.91,3.5
49,141,20030,2,2,23.6,50,34.55,1.46,28.32,4
50,189,20031,4,2,5.4,9,13.26,2.46,36,4.4
51,130,20042,1,2,7.1,17,18.69,2.63,25.06,4.3
52,119,20031,3,2,23.8,48,35.36,1.49,29.75,4
53,115,20044,5,1,6.2,13,6.34,1.02,28.62,3.6
54,151,20037,2,1,31.4,66,29.07,0.93,28.55,3.7
55,182,20034,4,3,45.8,71,122.43,2.67,38.7,4
56,157,20049,5,4,16.1,29,29.47,1.83,33.31,4.7
57,177,20035,1,3,38.1,68,104.2,2.73,33.62,3.8
58,191,20038,2,1,23.8,40,29.98,1.26,35.7,3.7
59,105,20035,5,4,13.6,29,21.71,1.6,28.14,3.6
60,156,20053,2,4,23.9,45,21.68,0.91,31.87,4.5
61,144,20054,1,1,28.7,48,78.93,2.75,35.88,3.8
62,200,20036,3,2,15.2,36,21.62,1.42,25.33,3.9
63,149,20041,1,3,30.2,64,25.65,0.85,28.31,4.7
64,179,20031,5,2,8.9,18,21.14,2.38,29.67,4.1
65,131,20047,4,3,33.6,56,77.7,2.31,36,4.6
66,173,20040,2,4,7.8,19,5.5,0.71,24.63,4.7
67,164,20028,3,2,21.1,44,62.12,2.94,28.77,3.8
68,111,20029,1,4,42.5,86,118.47,2.79,29.65,4.3
69,143,20031,4,1,27.5,50,35.6,1.29,33,4.9
70,165,20032,4,1,44.4,75,101.39,2.28,35.52,4.5
71,142,20037,4,1,6.7,10,4.73,0.71,40.2,4
72,134,20057,3,2,28.3,51,81.19,2.87,33.29,4.6
73,174,20045,2,4,41.5,95,88.39,2.13,26.21,4.3
74,145,20050,5,2,37.3,83,25.78,0.69,26.96,4.4
75,108,20057,1,3,3.6,5,8.22,2.28,43.2,4.1
76,148,20043,5,3,41.7,100,112.92,2.71,25.02,4.5
77,170,20053,5,4,12.6,22,10.31,0.82,34.36,4.8
78,104,20056,2,3,14.6,30,11.03,0.76,29.2,4
79,121,20032,2,4,14.1,26,35.73,2.53,32.54,3.8
80,144,20057,2,2,14.1,21,32.83,2.33,40.29,4.5
81,132,20044,4,2,24.5,38,21.25,0.87,38.68,4.4
82,170,20045,1,3,41.3,95,98.77,2.39,26.08,5
83,161,20029,2,2,38.8,79,73.93,1.91,29.47,4.5
84,108,20036,5,3,24.1,51,43.15,1.79,28.35,4.3
85,166,20041,4,4,35.7,56,47.18,1.32,38.25,4
86,138,20056,5,3,39,72,66.08,1.69,32.5,3.9
87,190,20054,4,2,47.8,108,130.51,2.73,26.56,4.9
88,170,20048,5,2,37.5,81,85.61,2.28,27.78,5
89,183,20028,4,2,21.2,43,14.35,0.68,29.58,4.5
90,184,20044,5,2,43.3,89,91.27,2.11,29.19,4.3
91,143,20028,1,4,43.2,98,121.42,2.81,26.45,4.9
92,138,20038,3,3,19.7,39,32.05,1.63,30.31,4.6
93,119,20030,4,4,1.6,2,1.27,0.79,48,4.4
94,156,20051,2,1,40.9,87,50.87,1.24,28.21,4.6
95,155,20033,2,4,22.3,48,19.48,0.87,27.88,4.3
96,190,20046,4,4,24.6,59,40.58,1.65,25.02,4.8
97,137,20040,2,1,32.1,70,28.75,0.9,27.51,3.8
98,104,20051,5,2,45.1,73,111.94,2.48,37.07,4.6
99,125,20054,4,2,4.2,9,6.81,1.62,28,4.4
100,122,20050,1,3,39.7,74,75.9,1.91,32.19,5
101,138,20045,5,2,6.9,14,10.36,1.5,29.57,4.6
102,109,20046,4,2,7.9,17,8.33,1.05,27.88,3.9
103,151,20032,4,4,32.8,61,16.99,0.52,32.26,3.6
104,168,20057,5,1,49.5,104,56.19,1.14,28.56,3.5
105,111,20034,3,4,48.5,90,62.76,1.29,32.33,3.8
106,158,20039,5,2,43.3,68,29.09,0.67,38.21,4.3
107,113,20052,1,3,39.6,75,46.92,1.18,31.68,4.3
108,193,20056,5,3,14.7,31,28.64,1.95,28.45,4.8
109,163,20033,5,4,25.3,57,44.56,1.76,26.63,3.7
110,101,20053,3,4,12.9,30,23.92,1.85,25.8,4.7
111,153,20049,2,3,4.8,9,6.09,1.27,32,3.6
112,177,20033,3,3,14.9,22,18.84,1.26,40.64,4.6
113,177,20043,1,4,12,23,19.62,1.64,31.3,4
114,184,20056,2,3,2.2,4,6.22,2.83,33,4.4
115,155,20031,2,4,19.1,35,32.49,1.7,32.74,4.5
116,180,20031,2,1,3,4,2.95,0.98,45,4.2
117,164,20046,5,4,13.9,21,30.05,2.16,39.71,3.9
118,190,20057,4,4,42.5,84,83.61,1.97,30.36,4.4
119,109,20030,2,1,20.1,48,23.55,1.17,25.12,4.1
120,162,20052,1,2,42.4,93,66.84,1.58,27.35,4.6
121,158,20037,1,1,35.2,85,65.7,1.87,24.85,3.7
122,200,20029,1,3,5.8,11,12.14,2.09,31.64,4.1
123,174,20032,3,1,1.4,2,3.02,2.16,42,3.6
124,145,20047,4,2,8.4,14,24.18,2.88,36,3.9
125,137,20034,1,4,2.7,5,3.96,1.47,32.4,4
126,116,20031,4,1,25.2,51,42.15,1.67,29.65,4.2
127,142,20057,2,1,13.8,32,11.34,0.82,25.88,4.4
128,124,20028,5,2,24.3,37,57.95,2.38,39.41,4.4
129,130,20055,2,1,18.9,28,53.31,2.82,40.5,3.7
130,176,20031,2,1,42.8,92,49.87,1.17,27.91,4.3
131,103,20043,3,1,44.3,108,78.79,1.78,24.61,4.6
132,186,20043,4,4,2.7,5,5.39,2,32.4,3.6
133,118,20038,4,3,18.9,45,15.4,0.81,25.2,3.8
134,145,20054,3,1,29.9,56,62.92,2.1,32.04,3.5
135,183,20037,5,3,48,96,31.72,0.66,30,4.9
136,133,20031,3,1,20.5,49,55.03,2.68,25.1,4.5
137,188,20035,5,1,13.9,30,13.92,1,27.8,4.2
138,161,20057,4,2,15.8,32,25.58,1.62,29.62,3.6
139,163,20036,3,3,5.8,10,4.49,0.77,34.8,3.7
140,197,20030,4,3,17.1,26,14.48,0.85,39.46,4.9
141,144,20038,5,3,27.2,51,60.35,2.22,32,4.6
142,104,20031,3,3,32.4,76,92.04,2.84,25.58,4.4
143,128,20029,1,4,20.3,34,15.34,0.76,35.82,4.2
144,105,20047,4,2,22,36,32.37,1.47,36.67,3.7
145,108,20028,2,1,38.4,92,101.91,2.65,25.04,4.9
146,121,20047,1,1,24.4,54,41.52,1.7,27.11,4.9
147,173,20048,5,2,13.2,28,17.72,1.34,28.29,4
148,146,20057,4,2,48.1,80,132.98,2.76,36.08,3.6
149,158,20043,1,2,32.6,70,39.59,1.21,27.94,3.7
150,167,20049,4,1,41.1,75,60.51,1.47,32.88,4.3
151,193,20042,5,2,41.7,84,63.56,1.52,29.79,4.6
152,188,20050,4,4,13.8,32,22.27,1.61,25.88,4.3
153,157,20057,1,2,22.9,55,34.04,1.49,24.98,4
154,131,20036,1,2,28.5,65,42.47,1.49,26.31,3.6
155,121,20047,1,2,35.3,77,66.67,1.89,27.51,4.9
156,186,20037,3,1,9.2,21,8.07,0.88,26.29,4.8
157,194,20047,1,3,18.1,29,26.97,1.49,37.45,3.6
158,153,20049,2,1,18.6,38,15.94,0.86,29.37,4.4
159,188,20052,5,1,24.1,39,56,2.32,37.08,4.2
160,154,20033,2,1,5.5,9,5.36,0.97,36.67,4.3
161,148,20049,1,2,10.4,17,29.91,2.88,36.71,3.6
162,105,20037,3,2,34.2,57,23.67,0.69,36,4.9
163,104,20039,3,2,6.6,12,12.32,1.87,33,4.8
164,144,20044,2,2,28.5,65,70.97,2.49,26.31,3.6
165,130,20029,2,3,2.3,4,2.88,1.25,34.5,3.6
166,172,20053,4,3,7.8,18,11.72,1.5,26,4.9
167,143,20050,3,3,1.6,3,2.74,1.71,32,4.6
168,161,20051,3,1,4.4,10,8.08,1.84,26.4,3.8
169,140,20030,5,1,4.3,9,12.83,2.98,28.67,4.9
170,158,20028,1,2,14,29,16.67,1.19,28.97,3.8
171,145,20051,1,2,43.2,76,46.29,1.07,34.11,4.6
172,194,20047,1,2,43.7,72,82.83,1.9,36.42,4.7
173,179,20042,2,4,4.3,6,3.85,0.9,43,4.7
174,151,20028,4,4,38.6,68,49.2,1.27,34.06,3.8
175,124,20046,2,1,35.6,69,101.76,2.86,30.96,4.8
176,141,20037,4,3,23.2,50,60.37,2.6,27.84,3.6
177,126,20034,1,1,48.9,93,139.58,2.85,31.55,3.7
178,130,20049,4,1,42.7,92,102.1,2.39,27.85,4.2
179,190,20041,2,1,37.6,82,41.36,1.1,27.51,3.5
180,165,20039,3,4,41,81,21.75,0.53,30.37,3.8
181,198,20049,4,2,39.5,61,33.76,0.85,38.85,4.3
182,157,20033,1,4,22.5,54,59.16,2.63,25,4.7
183,186,20057,2,2,30.1,48,16.19,0.54,37.62,3.8
184,129,20048,4,1,43.4,72,58.74,1.35,36.17,4.5
185,118,20053,3,1,38.3,70,26.84,0.7,32.83,4.7
186,173,20033,1,2,45.9,114,87.21,1.9,24.16,3.5
187,161,20033,4,2,32,65,54.23,1.69,29.54,4
188,133,20045,3,3,23.5,54,20.49,0.87,26.11,4.3
189,178,20038,1,4,7.8,14,11.18,1.43,33.43,3.9
190,121,20041,2,3,46.3,96,112.31,2.43,28.94,3.5
191,152,20057,3,1,21.5,33,11.02,0.51,39.09,3.9
192,182,20054,4,1,2.2,5,4.09,1.86,26.4,4.2
193,200,20034,2,2,7.5,11,17.1,2.28,40.91,4.4
194,194,20054,2,3,45.9,107,36.77,0.8,25.74,4.8
195,120,20055,2,3,24.9,59,24.59,0.99,25.32,3.9
196,127,20033,5,2,7.5,12,21.2,2.83,37.5,4.4
197,187,20030,2,2,36.7,83,69.47,1.89,26.53,4.9
198,157,20047,2,4,49.6,121,74.61,1.5,24.6,4.5
199,122,20054,2,3,30.1,57,37.4,1.24,31.68,3.8
200,195,20057,5,2,13.5,25,34.66,2.57,32.4,4.4
201,108,20033,5,4,12.1,23,23.53,1.94,31.57,4.7
202,156,20046,3,4,7.4,17,19.98,2.7,26.12,3.8
203,148,20051,3,2,4.6,9,12.55,2.73,30.67,4.3
204,150,20048,2,2,40,89,32.15,0.8,26.97,4.5
205,127,20031,4,1,29.5,44,63.37,2.15,40.23,4.5
206,109,20028,3,3,42.6,64,29.98,0.7,39.94,4.5
207,185,20045,2,1,16,32,45.48,2.84,30,3.8
208,126,20044,4,4,26.9,56,48.92,1.82,28.82,3.8
209,114,20054,3,4,5.9,11,4.25,0.72,32.18,4.8
210,166,20053,5,2,38.1,83,39.72,1.04,27.54,4.3
211,168,20041,5,2,1,2,0.93,0.93,30,3.7
212,175,20053,2,1,35,57,64.07,1.83,36.84,3.5
213,146,20046,4,3,13.6,29,33.43,2.46,28.14,4.8
214,139,20032,4,1,39.4,94,50.21,1.27,25.15,3.6
215,180,20040,3,2,41.5,72,64.88,1.56,34.58,3.6
216,191,20055,3,1,18.4,37,47.79,2.6,29.84,4.9
217,163,20030,3,1,46.3,84,42.15,0.91,33.07,4.3
218,187,20054,4,1,22.8,42,19.03,0.83,32.57,4.6
219,198,20033,5,3,7.3,11,12.94,1.77,39.82,4.5
220,125,20056,1,4,29.6,60,88.06,2.98,29.6,3.7
221,135,20050,3,3,39.2,95,24.32,0.62,24.76,3.8
222,167,20057,1,2,23.7,58,49.1,2.07,24.52,4.3
223,148,20040,5,4,39.9,70,103.5,2.59,34.2,3.5
224,164,20044,5,2,27.6,58,54.36,1.97,28.55,4.1
225,163,20057,1,1,27.6,67,63.73,2.31,24.72,3.9
226,122,20044,1,3,7.2,13,7.2,1,33.23,3.6
227,109,20057,5,4,10.7,25,31.15,2.91,25.68,4.9
228,111,20036,3,3,19.9,35,21.98,1.1,34.11,4.3
229,167,20041,4,4,45.1,108,85.44,1.89,25.06,4
230,154,20031,1,1,30,67,71.71,2.39,26.87,4.8
231,131,20028,2,3,6.8,10,13.06,1.92,40.8,4.2
232,170,20040,5,2,6.2,10,3.49,0.56,37.2,3.6
233,138,20035,1,2,19.9,47,45.08,2.27,25.4,3.5
234,128,20055,3,4,38.3,61,33.95,0.89,37.67,3.5
235,121,20045,4,3,17.2,42,24.36,1.42,24.57,3.6
236,192,20041,1,1,22.9,44,59.61,2.6,31.23,4.7
237,115,20048,1,2,20.2,40,31.76,1.57,30.3,4.8
238,163,20055,2,4,35.7,71,86.19,2.41,30.17,4.3
239,194,20056,4,1,43.7,92,61.33,1.4,28.5,4.2
240,115,20034,2,4,37.6,58,108.19,2.88,38.9,4.9
241,146,20041,5,1,45.4,113,74.85,1.65,24.11,4.3
242,160,20052,2,2,36.2,71,42.75,1.18,30.59,4.8
243,181,20035,2,3,31.9,73,42.35,1.33,26.22,4.4
244,189,20039,3,4,6.6,16,12.31,1.87,24.75,4.4
245,108,20041,2,2,36.7,67,35.78,0.97,32.87,4.3
246,105,20056,2,3,18.9,44,29.49,1.56,25.77,3.7
247,140,20044,2,4,20.4,48,52.35,2.57,25.5,4.6
248,119,20036,4,4,26.6,61,33.62,1.26,26.16,4.6
249,178,20032,4,3,40.5,61,119.8,2.96,39.84,5
250,143,20033,5,4,27.3,54,43.35,1.59,30.33,4.3
251,175,20033,5,2,48.9,99,26.38,0.54,29.64,4.4
252,119,20033,1,4,16.6,27,21.39,1.29,36.89,4
253,131,20044,4,2,24.3,44,54.08,2.23,33.14,3.6
254,199,20050,3,1,45.9,95,23.32,0.51,28.99,4
255,101,20042,1,2,37.4,87,110.47,2.95,25.79,4.2
256,167,20056,1,2,38,68,29.59,0.78,33.53,4.9
257,127,20048,2,1,10.8,24,7.57,0.7,27,3.7
258,195,20047,5,2,14,29,20.41,1.46,28.97,3.6
259,111,20042,3,2,32.9,64,87.28,2.65,30.84,4
260,106,20031,3,1,42.8,65,110.76,2.59,39.51,4.6
261,102,20053,5,2,37.5,84,21.78,0.58,26.79,3.6
262,181,20030,4,2,34.8,78,59.94,1.72,26.77,4.4
263,102,20038,1,3,41.8,89,89.83,2.15,28.18,3.8
264,181,20046,4,2,5.4,11,15.62,2.89,29.45,4
265,185,20036,1,3,41.8,78,105.88,2.53,32.15,4.7
266,187,20030,1,2,14.5,31,41.85,2.89,28.06,3.8
267,110,20032,1,2,38.5,62,113.41,2.95,37.26,4.3
268,168,20054,3,3,43.3,72,87.19,2.01,36.08,4.6
269,140,20045,1,3,22.3,41,36.62,1.64,32.63,3.6
270,153,20038,4,4,27.7,64,61.04,2.2,25.97,4
271,113,20045,5,3,30.6,73,87.25,2.85,25.15,4.1
272,135,20030,5,4,44.3,92,86.83,1.96,28.89,4.3
273,172,20046,1,2,47,94,124.83,2.66,30,3.7
274,128,20028,3,3,4,6,7.71,1.93,40,4.8
275,186,20037,1,2,18.8,34,24.84,1.32,33.18,4.8
276,112,20032,4,1,5,9,12.01,2.4,33.33,4.3
277,137,20055,2,3,38.1,62,64.61,1.7,36.87,3.7
278,200,20032,2,2,3.8,5,9.96,2.62,45.6,4.3
279,148,20041,2,3,40.3,88,23.18,0.58,27.48,4.3
280,182,20037,5,3,3.3,5,5.59,1.69,39.6,4.4
281,137,20049,2,2,13.3,29,24.92,1.87,27.52,4
282,194,20045,1,2,6.6,12,11.22,1.7,33,4.9
283,134,20033,3,1,41,84,22.76,0.56,29.29,3.8
284,165,20049,2,2,37.8,83,48.29,1.28,27.33,3.5
285,126,20034,5,1,3.9,6,9.01,2.31,39,4
286,144,20029,2,2,36.1,56,98.15,2.72,38.68,3.9
287,109,20034,3,3,37.2,59,29.42,0.79,37.83,3.7
288,158,20051,4,2,8.5,21,13.74,1.62,24.29,4.9
289,190,20046,5,2,35.2,83,37.19,1.06,25.45,4.8
290,125,20043,4,4,42.7,70,38.96,0.91,36.6,4.6
291,108,20049,4,2,5,8,12.05,2.41,37.5,3.6
292,127,20049,2,1,22.1,44,61.06,2.76,30.14,3.8
293,138,20041,2,3,22.3,45,12.96,0.58,29.73,3.8
294,146,20043,3,2,14.6,27,33,2.26,32.44,4.8
295,168,20039,3,1,42.7,83,112.46,2.63,30.87,4.2
296,108,20029,3,2,41,65,34.94,0.85,37.85,3.9
297,195,20028,4,4,8.4,16,13.45,1.6,31.5,5
298,102,20030,3,4,16.7,32,33.32,2,31.31,4.5
299,103,20057,2,1,22,39,21.45,0.98,33.85,4.3
300,196,20040,3,2,20.5,39,18.37,0.9,31.54,3.6
301,188,20032,2,2,41.5,86,32.88,0.79,28.95,4.9
302,167,20044,5,1,48.8,104,89.77,1.84,28.15,4.4
303,146,20044,5,3,46.9,107,137.89,2.94,26.3,3.8
304,107,20041,5,3,1.3,2,1.69,1.3,39,3.9
305,112,20042,4,4,30.2,47,71.63,2.37,38.55,4.2
306,157,20039,5,3,21.6,36,11.7,0.54,36,3.7
307,136,20051,2,1,32.2,74,59.57,1.85,26.11,4.3
308,155,20029,4,1,10.8,16,12.75,1.18,40.5,4
309,139,20033,3,2,33.3,78,56.84,1.71,25.62,4.7
310,149,20049,4,4,28.4,49,56.28,1.98,34.78,4
311,136,20051,1,3,12.8,27,22.72,1.77,28.44,4.8
312,131,20030,1,2,6.8,14,12.66,1.86,29.14,4.6
313,160,20052,2,4,20.3,41,34.23,1.69,29.71,4.9
314,117,20033,5,3,40.8,75,54.29,1.33,32.64,4.4
315,160,20045,3,2,5.3,12,14.62,2.76,26.5,4.8
316,197,20055,5,4,31.6,64,62.32,1.97,29.62,3.5
317,106,20029,2,1,9.4,22,27.41,2.92,25.64,4.6
318,184,20051,4,1,49.3,84,115.38,2.34,35.21,4.4
319,125,20035,4,3,1.1,2,0.99,0.9,33,3.8
320,129,20035,3,1,16.6,25,13.09,0.79,39.84,4.5
321,128,20036,4,4,10.8,24,24.46,2.26,27,3.8
322,109,20055,1,4,46.6,78,107.5,2.31,35.85,4.7
323,172,20057,4,3,21.7,39,34.75,1.6,33.38,4.2
324,165,20037,2,3,1.5,2,2.48,1.65,45,4.8
325,115,20045,4,1,25.1,48,34.3,1.37,31.38,4
326,115,20029,4,1,8.2,16,8.68,1.06,30.75,4.2
327,111,20042,5,1,2.3,4,6.89,3,34.5,4.8
328,181,20032,4,4,33.8,52,87.43,2.59,39,4.9
329,160,20054,4,2,24.5,56,19.41,0.79,26.25,4.4
330,186,20035,4,1,13.3,26,26.47,1.99,30.69,4.6
331,145,20037,2,2,17.7,39,30.19,1.71,27.23,3.6
332,160,20034,3,2,30.6,63,38.9,1.27,29.14,3.7
333,183,20034,3,2,48.2,93,71.15,1.48,31.1,3.5
334,119,20042,1,3,47.9,105,34.07,0.71,27.37,4.8
335,182,20033,4,3,41,88,53.44,1.3,27.95,3.6
336,129,20051,2,4,40.6,86,97.2,2.39,28.33,3.7
337,178,20050,1,1,36.2,88,86.42,2.39,24.68,4.7
338,133,20057,2,2,14.6,33,27.32,1.87,26.55,4.3
339,120,20046,1,2,4.9,8,9.09,1.86,36.75,4.5
340,114,20044,2,1,39.4,76,33.68,0.85,31.11,4.9
341,113,20037,1,2,11.4,24,9.13,0.8,28.5,3.9
342,143,20043,1,3,10.3,19,6.2,0.6,32.53,4.2
343,109,20029,4,2,13,25,37.26,2.87,31.2,5
344,133,20046,3,1,33,66,79.04,2.4,30,4.8
345,115,20039,3,2,16,27,29.53,1.85,35.56,4
346,180,20047,2,2,32.5,55,48.96,1.51,35.45,4.6
347,102,20051,5,2,18.6,32,53.81,2.89,34.88,4.4
348,198,20031,2,2,33.4,72,27.57,0.83,27.83,4
349,136,20057,3,4,26.2,39,55.88,2.13,40.31,3.5
350,156,20034,4,1,16.1,39,28.45,1.77,24.77,4.3
351,169,20051,5,1,14.7,26,36.87,2.51,33.92,4.5
352,119,20049,3,2,18.4,36,48.33,2.63,30.67,3.9
353,170,20044,2,4,4.4,10,5.39,1.22,26.4,4.4
354,126,20029,2,3,14,29,22.49,1.61,28.97,3.7
355,180,20038,3,2,30.8,53,37.88,1.23,34.87,4.5
356,107,20046,4,2,31.3,68,61.76,1.97,27.62,4.4
357,158,20046,5,2,38,84,86.11,2.27,27.14,4.5
358,155,20042,5,4,27.9,54,34.68,1.24,31,3.6
359,131,20032,5,4,12.1,20,34.06,2.81,36.3,4.7
360,125,20038,5,2,40.5,79,45.31,1.12,30.76,4.2
361,115,20033,2,4,12.3,25,21.22,1.73,29.52,4.2
362,137,20041,5,2,1.1,2,3,2.73,33,4
363,175,20034,1,4,20.8,39,58.31,2.8,32,3.9
364,158,20043,4,1,35.9,58,91.2,2.54,37.14,4.6
365,123,20031,3,2,25.8,59,31.84,1.23,26.24,4.6
366,180,20042,2,2,27.5,65,67.01,2.44,25.38,4.6
367,179,20041,3,2,12.3,18,13.52,1.1,41,4.2
368,131,20030,2,1,1.5,2,0.92,0.61,45,4.5
369,189,20035,4,3,18,32,21.73,1.21,33.75,4.1
370,145,20046,5,1,23,53,53.02,2.31,26.04,4.9
371,120,20051,2,1,35.4,64,67.7,1.91,33.19,4
372,196,20041,4,3,1.4,2,3.72,2.66,42,4.8
373,123,20041,3,2,15.3,32,40.96,2.68,28.69,3.9
374,156,20044,5,2,3.5,8,8.31,2.37,26.25,4.7
375,186,20036,1,3,15.7,35,34.91,2.22,26.91,4.4
376,148,20050,1,4,3.3,5,1.86,0.56,39.6,4.9
377,144,20047,4,3,15.3,34,13.81,0.9,27,4.8
378,200,20047,5,4,16.7,41,31.77,1.9,24.44,4.5
379,108,20033,1,4,40.3,92,56.68,1.41,26.28,4.2
380,136,20039,2,4,14.3,22,8.02,0.56,39,4.7
381,166,20048,3,3,20.7,36,33.83,1.63,34.5,3.8
382,158,20051,2,3,24.3,52,57.45,2.36,28.04,4.2
383,200,20051,2,4,30,73,88.85,2.96,24.66,3.6
384,127,20034,1,4,38,72,77.58,2.04,31.67,4.7
385,129,20054,3,4,43.4,69,109.45,2.52,37.74,3.5
386,114,20028,2,3,30.1,65,61.66,2.05,27.78,3.6
387,168,20050,4,4,30.4,67,59.6,1.96,27.22,4
388,102,20030,4,1,3.5,8,10.48,2.99,26.25,5
389,159,20052,3,4,18.7,31,23.07,1.23,36.19,4.5
390,106,20039,5,3,47.8,99,135.8,2.84,28.97,4.1
391,136,20053,2,1,14.6,32,8.12,0.56,27.38,4.4
392,136,20055,5,4,42.3,80,87.02,2.06,31.72,4.1
393,167,20039,5,2,18.7,36,50.16,2.68,31.17,4.7
394,115,20048,1,4,1.3,2,2.57,1.98,39,4.4
395,198,20038,4,1,13,23,7.92,0.61,33.91,4.5
396,178,20040,2,3,11.6,28,29.59,2.55,24.86,4.5
397,131,20046,1,1,14.6,35,40.25,2.76,25.03,4.3
398,134,20052,2,2,11.2,21,20.38,1.82,32,4.6
399,120,20053,4,1,22.1,47,11.94,0.54,28.21,5
400,108,20056,2,1,17.7,41,17.21,0.97,25.9,4.1
401,148,20030,4,3,47.6,101,26.22,0.55,28.28,4.5
402,200,20037,2,3,2.5,4,4.15,1.66,37.5,4.5
403,170,20033,2,1,41.4,73,54.7,1.32,34.03,3.8
404,159,20038,3,3,36.8,82,78.74,2.14,26.93,4.8
405,185,20041,5,1,37.1,66,93.06,2.51,33.73,3.5
406,139,20031,4,4,39.5,88,106.16,2.69,26.93,4.8
407,150,20045,1,1,41.3,101,24.62,0.6,24.53,3.6
408,180,20042,4,3,19.5,41,10.18,0.52,28.54,4.1
409,102,20035,5,2,28.3,62,42.99,1.52,27.39,3.7
410,196,20030,3,2,33.9,63,52.02,1.53,32.29,4.3
411,128,20045,5,1,48.1,85,114.26,2.38,33.95,4.8
412,174,20048,4,2,43,84,54.95,1.28,30.71,4.9
413,141,20056,1,1,25.3,44,20.57,0.81,34.5,3.5
414,196,20052,2,3,47.2,92,24.7,0.52,30.78,4.1
415,145,20050,4,1,28.8,65,83.27,2.89,26.58,4.8
416,129,20031,1,1,12.4,20,14.34,1.16,37.2,3.5
417,155,20055,2,4,31.1,72,28.61,0.92,25.92,3.9
418,168,20032,1,2,8.4,20,15.94,1.9,25.2,4.2
419,145,20053,4,1,14.4,27,23.04,1.6,32,3.6
420,198,20052,5,3,31,68,27.37,0.88,27.35,4
421,158,20056,2,3,31.9,49,66.02,2.07,39.06,4.8
422,114,20052,1,3,17.9,31,44.97,2.51,34.65,3.6
423,129,20029,4,3,16.1,32,35.92,2.23,30.19,4.8
424,165,20050,2,1,30.7,59,24.58,0.8,31.22,4.8
425,165,20028,5,1,7.9,17,20.44,2.59,27.88,4.5
426,183,20037,4,4,43.9,73,123.9,2.82,36.08,4.1
427,119,20042,1,1,21.1,36,41.49,1.97,35.17,4.8
428,151,20042,2,2,41.6,101,87.92,2.11,24.71,4.9
429,126,20029,4,2,16.5,40,9.14,0.55,24.75,3.7
430,115,20041,1,3,20.8,31,60.85,2.93,40.26,3.7
431,190,20032,3,4,1.6,3,3.98,2.49,32,4.5
432,200,20041,3,4,33.3,68,27.7,0.83,29.38,4.5
433,105,20029,2,1,21.8,35,63.09,2.89,37.37,4.1
434,176,20035,3,1,24.2,36,18.64,0.77,40.33,5
435,129,20051,1,2,38.6,68,36.73,0.95,34.06,4.4
436,134,20054,2,4,7.3,18,8.01,1.1,24.33,4
437,128,20031,1,1,1.2,2,2.85,2.38,36,4.8
438,130,20057,2,4,48.9,74,112.91,2.31,39.65,4.7
439,133,20044,5,3,9.8,20,16.15,1.65,29.4,4.9
440,139,20039,5,1,34.8,57,99.91,2.87,36.63,4
441,158,20050,4,1,34.2,55,101.98,2.98,37.31,4.6
442,163,20039,1,2,45.9,104,35.79,0.78,26.48,4.6
443,116,20052,1,3,49,75,54.07,1.1,39.2,4.4
444,135,20047,5,2,39.1,72,109.65,2.8,32.58,3.8
445,120,20034,1,1,18.1,36,20.96,1.16,30.17,4.4
446,138,20033,1,1,10.6,23,23.39,2.21,27.65,4.9
447,134,20039,1,2,47.1,78,42.55,0.9,36.23,4.7
448,195,20054,4,2,15.2,36,27.21,1.79,25.33,4.1
449,120,20047,1,2,21.6,47,24.99,1.16,27.57,4.8
450,163,20053,2,4,4,6,9.17,2.29,40,4
451,178,20039,4,1,19.5,34,38.3,1.96,34.41,4.6
452,198,20029,4,4,12.1,19,30.61,2.53,38.21,3.7
453,154,20057,3,3,22.1,44,66.27,3,30.14,4.7
454,177,20033,5,2,1.9,3,3.25,1.71,38,4.5
455,177,20034,4,1,27.3,61,60.56,2.22,26.85,3.8
456,112,20030,4,4,40.8,66,69.68,1.71,37.09,4.1
457,126,20037,2,3,25.8,59,20.87,0.81,26.24,3.7
458,164,20052,1,4,47.8,88,31.48,0.66,32.59,4.7
459,143,20029,5,1,33.1,61,36.84,1.11,32.56,4.5
460,129,20053,3,3,27.7,67,18.76,0.68,24.81,4.8
461,183,20056,4,3,3.1,4,8.24,2.66,46.5,3.8
462,155,20044,5,3,35.3,83,91.92,2.6,25.52,4.7
463,135,20044,2,1,33.3,50,96.52,2.9,39.96,4.8
464,141,20049,1,3,21.1,39,29.6,1.4,32.46,4.8
465,109,20041,4,4,49.3,113,75.12,1.52,26.18,3.9
466,147,20044,3,1,11.1,26,23.91,2.15,25.62,4.6
467,124,20053,4,3,11.4,22,24.16,2.12,31.09,4.9
468,197,20038,1,2,46.7,107,50.02,1.07,26.19,3.6
469,185,20057,2,4,33.4,77,73.07,2.19,26.03,4.7
470,199,20052,1,2,49.7,102,86.6,1.74,29.24,4.7
471,153,20049,1,4,38.5,60,53.44,1.39,38.5,4.1
472,155,20057,5,2,46.9,113,121.42,2.59,24.9,4.7
473,140,20043,4,2,35.2,79,71.61,2.03,26.73,3.7
474,125,20038,1,1,22.6,39,33,1.46,34.77,4.9
475,119,20047,2,2,32,74,31.28,0.98,25.95,4.9
476,107,20053,3,3,2.1,4,6,2.86,31.5,3.9
477,120,20049,4,3,23.2,36,30.63,1.32,38.67,3.5
478,104,20038,4,3,11.5,24,12.97,1.13,28.75,4.7
479,157,20034,3,3,42.4,94,87.72,2.07,27.06,4.2
480,120,20042,2,4,39.1,97,63.3,1.62,24.19,4.6
481,200,20036,3,2,44,66,41.5,0.94,40,3.8
482,179,20039,4,2,21.6,41,11.11,0.51,31.61,3.6
483,140,20056,5,3,29.6,63,79.66,2.69,28.19,3.5
484,195,20036,4,1,23.1,46,50.28,2.18,30.13,4.9
485,105,20030,4,1,41.5,65,119.45,2.88,38.31,3.9
486,167,20040,4,2,19.4,38,29.98,1.55,30.63,4.3
487,197,20057,5,2,12.2,25,19.25,1.58,29.28,4
488,147,20050,3,1,42,94,93.72,2.23,26.81,4
489,121,20054,1,2,44.2,82,38.25,0.87,32.34,3.8
490,196,20028,3,3,21.5,37,15.49,0.72,34.86,4
491,152,20051,5,3,6.6,10,9.58,1.45,39.6,4.5
492,160,20057,4,2,9.1,19,12.05,1.32,28.74,3.6
493,112,20045,5,4,45.2,91,48.54,1.07,29.8,3.9
494,124,20047,2,4,22.7,38,53.83,2.37,35.84,3.8
495,156,20034,3,4,18.5,30,50.9,2.75,37,3.5
496,184,20050,2,2,28.4,50,29.95,1.05,34.08,3.6
497,135,20036,5,2,16.7,39,9.03,0.54,25.69,3.9
498,161,20057,3,2,24.2,57,27.56,1.14,25.47,4.3
499,113,20047,3,2,38.5,76,32.15,0.84,30.39,3.8
500,176,20033,3,2,42.7,83,69.22,1.62,30.87,4.8
501,153,20057,3,4,11.6,22,27.72,2.39,31.64,4.7
502,148,20043,1,1,33,65,70.22,2.13,30.46,4.6
503,181,20049,4,1,31.8,63,78.92,2.48,30.29,4.5
504,174,20030,5,1,20,31,43.72,2.19,38.71,4
505,114,20055,4,1,35,57,99.87,2.85,36.84,4.4
506,137,20049,4,4,1.3,3,2.42,1.86,26,4
507,188,20052,2,1,48.8,111,103.88,2.13,26.38,5
508,149,20049,2,3,4.3,7,9.63,2.24,36.86,4.9
509,155,20028,2,3,46.9,110,40.35,0.86,25.58,4.7
510,131,20032,4,2,27.4,52,22.16,0.81,31.62,4.4
511,137,20044,1,2,11.5,19,22.12,1.92,36.32,3.9
512,168,20036,1,3,45.9,81,86.63,1.89,34,4.2
513,142,20041,3,2,42.8,99,81.21,1.9,25.94,4.2
514,189,20038,1,3,32.3,62,89.85,2.78,31.26,5
515,175,20056,5,4,45.3,88,42.47,0.94,30.89,4.5
516,184,20037,3,3,27,57,24.79,0.92,28.42,4
517,128,20053,4,2,36,63,61.21,1.7,34.29,4.7
518,104,20038,5,1,21.3,35,33.04,1.55,36.51,4.3
519,174,20048,3,1,39.5,67,55.98,1.42,35.37,3.8
520,135,20057,2,2,17.8,34,31.55,1.77,31.41,3.9
521,128,20028,1,2,13.5,28,12.55,0.93,28.93,4.2
522,116,20038,5,3,14.4,24,33.3,2.31,36,4.1
523,182,20041,1,2,32.6,53,29.75,0.91,36.91,3.7
524,198,20032,4,2,27.5,47,21.07,0.77,35.11,4.8
525,173,20056,1,1,37,59,20.72,0.56,37.63,4.4
526,131,20050,1,2,37.4,56,68.9,1.84,40.07,4.4
527,185,20053,2,1,31.5,74,82.35,2.61,25.54,3.8
528,144,20035,2,2,21.4,42,34.14,1.6,30.57,4.4
529,115,20055,2,1,32,60,18.23,0.57,32,4.8
530,116,20041,2,4,46,88,28.07,0.61,31.36,4.2
531,105,20053,3,1,14.2,26,33.51,2.36,32.77,4.3
532,123,20057,1,4,48.9,103,34.88,0.71,28.49,3.9
533,151,20057,5,3,15.7,28,11.16,0.71,33.64,4.4
534,179,20043,3,2,30.9,58,81.65,2.64,31.97,3.9
535,169,20038,2,4,41.9,94,76.26,1.82,26.74,3.5
536,133,20039,2,2,25.4,38,42.05,1.66,40.11,4.1
537,134,20043,4,4,40.2,81,55.61,1.38,29.78,3.7
538,200,20043,1,2,11.2,23,13.2,1.18,29.22,4.2
539,148,20054,2,4,28.5,43,52.95,1.86,39.77,3.5
540,125,20050,3,3,13.8,30,18.81,1.36,27.6,4.9
541,196,20055,3,3,33.6,73,57.94,1.72,27.62,4.3
542,142,20033,4,3,24.4,48,20.79,0.85,30.5,5
543,161,20032,1,4,20.6,37,15.72,0.76,33.41,3.8
544,113,20032,3,1,21.6,34,36.83,1.71,38.12,4.9
545,197,20052,4,4,22.4,36,63.32,2.83,37.33,4.8
546,140,20032,4,1,38.4,73,78.2,2.04,31.56,3.7
547,197,20029,2,1,4.6,11,9.22,2,25.09,4.7
548,153,20030,1,4,9.1,14,14.92,1.64,39,3.9
549,189,20043,3,3,3.1,6,9.07,2.93,31,4.9
550,152,20038,1,4,4.4,10,4.78,1.09,26.4,4.1
551,181,20033,4,4,27.8,44,51.78,1.86,37.91,4.9
552,145,20034,5,4,17.1,29,31.3,1.83,35.38,4.6
553,197,20054,3,4,13.1,31,7.82,0.6,25.35,4.9
554,154,20042,4,1,34.1,74,90.18,2.64,27.65,4.8
555,118,20049,1,1,36.1,58,87.73,2.43,37.34,3.8
556,149,20042,5,4,23.4,58,27.87,1.19,24.21,4.2
557,113,20049,1,2,31.3,75,43.22,1.38,25.04,3.9
558,185,20046,3,3,34.9,60,62.32,1.79,34.9,4.4
559,111,20041,5,1,5.5,13,10.15,1.85,25.38,4.2
560,172,20030,4,3,9.2,15,14.98,1.63,36.8,4.5
561,117,20030,3,2,22.8,36,35.29,1.55,38,4.3
562,200,20038,2,4,23.2,35,32.83,1.42,39.77,4.5
563,144,20041,3,4,45.9,103,88.96,1.94,26.74,4.2
564,169,20031,1,1,24.7,52,48.71,1.97,28.5,4.7
565,150,20055,5,1,8.3,15,17.34,2.09,33.2,4.7
566,136,20056,3,1,22.6,46,47.62,2.11,29.48,4.7
567,122,20057,2,2,13.6,33,39.93,2.94,24.73,4.9
568,187,20048,5,4,38.1,83,22.53,0.59,27.54,3.8
569,107,20033,4,1,4.6,10,4.93,1.07,27.6,4.2
570,165,20044,4,3,16.7,25,25.79,1.54,40.08,5
571,151,20042,2,3,31.1,69,89.54,2.88,27.04,3.6
572,108,20031,2,2,20.9,34,43.72,2.09,36.88,4.3
573,169,20049,3,3,16.9,33,39.98,2.37,30.73,4.9
574,194,20044,3,2,27.9,57,53.76,1.93,29.37,4.2
575,198,20053,2,4,47.2,114,98.14,2.08,24.84,4.8
576,110,20048,5,1,16,33,9.7,0.61,29.09,4.3
577,119,20037,2,1,30.5,68,67.42,2.21,26.91,4.4
578,113,20047,4,4,4.1,8,10.05,2.45,30.75,4.7
579,174,20030,1,2,44.1,88,75.58,1.71,30.07,4.5
580,191,20048,5,3,2.8,6,5.47,1.95,28,4.9
581,163,20044,1,4,34.5,59,35.81,1.04,35.08,4
582,138,20040,2,1,7.2,13,4.13,0.57,33.23,3.8
583,174,20050,1,4,17.5,42,27.82,1.59,25,4.5
584,150,20031,5,2,21.7,36,34.02,1.57,36.17,4.4
585,122,20052,2,4,27.2,58,79.71,2.93,28.14,3.7
586,143,20033,3,4,36.9,62,52.35,1.42,35.71,4.9
587,132,20048,2,4,38.4,69,76.37,1.99,33.39,3.5
588,102,20048,4,1,3.8,9,5.79,1.52,25.33,4.2
589,171,20044,1,4,1.3,2,0.92,0.71,39,3.5
590,137,20040,5,4,38.4,74,40.72,1.06,31.14,4.9
591,150,20036,5,2,19.4,47,44.52,2.29,24.77,3.7
592,123,20038,3,2,14.5,35,24.44,1.69,24.86,3.5
593,177,20056,2,1,39.1,59,35.9,0.92,39.76,3.7
594,180,20056,2,3,23.5,55,32.43,1.38,25.64,3.8
595,178,20046,4,4,35.1,79,97.05,2.76,26.66,4.4
596,165,20054,1,3,8,18,4.84,0.6,26.67,4.8
597,170,20051,1,3,19.5,44,37.5,1.92,26.59,4.4
598,144,20052,5,3,34.3,60,61.9,1.8,34.3,3.7
599,109,20054,3,1,6.7,13,13.36,1.99,30.92,3.9
600,142,20031,2,1,16.9,34,36.18,2.14,29.82,3.9
601,121,20057,5,1,15.7,29,12.93,0.82,32.48,4.4
602,195,20035,1,2,11.7,23,22.46,1.92,30.52,3.9
603,145,20038,5,1,13.9,26,7.01,0.5,32.08,4.5
604,107,20043,3,3,2.7,4,7.95,2.94,40.5,4.9
605,126,20043,3,1,3.1,7,7.15,2.31,26.57,4
606,109,20033,1,1,31.4,77,91.42,2.91,24.47,4.3
607,161,20041,3,4,35.3,71,40.63,1.15,29.83,4.2
608,153,20034,5,4,37.7,64,36.66,0.97,35.34,5
609,107,20052,2,1,21.6,37,62.44,2.89,35.03,4.1
610,199,20039,2,1,16.7,27,39.23,2.35,37.11,4.3
611,133,20051,3,3,2.1,5,3.64,1.73,25.2,4.5
612,194,20043,2,4,1.3,2,2.14,1.65,39,5
613,126,20052,1,3,16.9,26,35,2.07,39,4.8
614,134,20049,1,3,22.6,51,49.23,2.18,26.59,4.2
615,103,20035,3,2,6.5,14,9.82,1.51,27.86,4.7
616,172,20031,1,4,17.1,40,46.93,2.74,25.65,4.5
617,119,20055,5,4,25.2,56,58.82,2.33,27,3.9
618,103,20040,3,2,12.3,30,32.93,2.68,24.6,4.9
619,162,20043,1,1,11,17,23.94,2.18,38.82,3.6
620,185,20057,4,1,1.1,2,1.76,1.6,33,3.8
621,196,20049,1,4,32.9,76,84.79,2.58,25.97,4.2
622,199,20031,4,3,33.5,51,58.69,1.75,39.41,4.2
623,196,20044,4,4,41.7,71,104.57,2.51,35.24,4.8
624,136,20042,3,1,2.3,4,3.34,1.45,34.5,4.7
625,182,20034,5,3,9.1,16,22.33,2.45,34.12,3.5
626,147,20046,2,3,48.4,77,54.42,1.12,37.71,4.6
627,101,20055,2,4,22.3,37,33.5,1.5,36.16,3.9
628,168,20046,2,3,25.7,56,20.42,0.79,27.54,4.9
629,167,20040,2,3,17.5,38,50.72,2.9,27.63,4.1
630,128,20050,1,3,13.9,29,11.72,0.84,28.76,4.5
631,157,20055,1,2,15.5,32,45.93,2.96,29.06,4.6
632,186,20032,2,4,45.2,80,85.55,1.89,33.9,4.4
633,175,20030,3,2,37,72,110.5,2.99,30.83,4
634,188,20038,2,2,16.3,29,12.04,0.74,33.72,4.8
635,195,20038,3,2,49.8,90,32.05,0.64,33.2,3.6
636,194,20030,3,4,6.2,10,17.3,2.79,37.2,4.2
637,141,20045,4,3,27.7,43,75.27,2.72,38.65,4.6
638,178,20057,3,4,9.9,23,4.97,0.5,25.83,3.7
639,198,20048,1,3,5.1,8,10.89,2.14,38.25,3.9
640,180,20039,1,3,15.9,32,38.03,2.39,29.81,4.4
641,131,20054,1,3,47.2,103,60.1,1.27,27.5,4.3
642,109,20031,5,1,26.6,59,21.67,0.81,27.05,4.9
643,175,20054,5,2,25.3,59,30.03,1.19,25.73,4.1
644,181,20052,5,4,25.8,63,56.39,2.19,24.57,4.6
645,132,20043,3,4,35.2,64,93.39,2.65,33,3.5
646,119,20047,2,2,25.2,59,59.49,2.36,25.63,4.8
647,152,20054,1,1,23.4,36,30.47,1.3,39,3.5
648,101,20052,1,3,24.7,53,19.85,0.8,27.96,4.6
649,108,20032,4,1,9.4,18,14.77,1.57,31.33,4
650,128,20044,1,4,46.4,84,124.26,2.68,33.14,3.9
651,176,20030,4,2,17.7,28,10.45,0.59,37.93,4.4
652,163,20051,2,4,16.1,35,26.68,1.66,27.6,3.6
653,140,20045,3,3,35.5,86,86.95,2.45,24.77,4.9
654,127,20044,3,4,11.9,25,16.44,1.38,28.56,4.7
655,190,20047,2,2,42.6,74,49.03,1.15,34.54,3.9
656,145,20039,4,3,49.2,97,55.75,1.13,30.43,4.3
657,110,20034,5,4,1.6,2,1.05,0.66,48,4.4
658,149,20035,4,4,29.8,48,68.07,2.28,37.25,3.5
659,171,20051,4,3,26.5,65,28.56,1.08,24.46,4.4
660,119,20045,1,4,3,4,2.56,0.85,45,4
661,117,20049,3,2,34.9,54,19.91,0.57,38.78,4.5
662,123,20051,3,3,26.2,59,38.01,1.45,26.64,4.3
663,185,20043,4,3,23.5,56,43.01,1.83,25.18,3.7
664,146,20030,4,3,32.6,62,48.13,1.48,31.55,4.7
665,101,20056,5,1,18.1,37,19.95,1.1,29.35,4.7
666,169,20038,5,3,12.7,27,13.89,1.09,28.22,4.9
667,149,20053,5,2,16.6,27,45.39,2.73,36.89,4.1
668,162,20049,2,2,36.8,91,89.64,2.44,24.26,4.4
669,184,20052,2,3,36.2,74,73.67,2.04,29.35,4.8
670,163,20053,3,4,37,88,81.17,2.19,25.23,4.1
671,184,20049,3,1,42.2,78,74.18,1.76,32.46,4.1
672,200,20034,3,1,43.7,84,127.86,2.93,31.21,3.9
673,188,20036,5,2,34,68,89.69,2.64,30,4.7
674,191,20034,4,4,49.1,114,42.33,0.86,25.84,3.6
675,115,20034,3,2,28.7,71,52.71,1.84,24.25,3.9
676,186,20042,2,4,34.5,64,20.3,0.59,32.34,4.1
677,173,20035,3,3,2.1,4,2.58,1.23,31.5,4.4
678,185,20037,1,1,27.1,66,50.48,1.86,24.64,4.4
679,196,20043,5,3,18.1,39,49.03,2.71,27.85,3.6
680,140,20055,3,4,37.2,89,80.75,2.17,25.08,4
681,145,20034,4,4,7.6,18,10.89,1.43,25.33,3.6
682,152,20047,5,2,13.7,29,13.11,0.96,28.34,4
683,195,20047,2,4,23.3,55,59.58,2.56,25.42,4.9
684,118,20051,1,4,21.5,41,50.64,2.36,31.46,4.8
685,152,20032,1,1,8.6,15,23.63,2.75,34.4,4.5
686,121,20047,3,2,13.9,30,40.02,2.88,27.8,3.7
687,179,20051,3,1,29.2,46,35.35,1.21,38.09,4.4
688,116,20054,4,2,33.2,78,76.07,2.29,25.54,4.6
689,128,20029,1,3,27,52,39.72,1.47,31.15,3.9
690,166,20047,2,2,33.8,68,75.18,2.22,29.82,4.3
691,141,20029,1,2,22.1,53,39.39,1.78,25.02,3.7
692,109,20037,4,1,16,27,15.32,0.96,35.56,3.6
693,175,20042,5,1,36.9,59,104.78,2.84,37.53,3.7
694,167,20039,1,3,35.8,68,45.47,1.27,31.59,4
695,135,20044,5,3,10.5,17,11.41,1.09,37.06,4.8
696,171,20048,4,1,45.4,85,23.16,0.51,32.05,3.9
697,115,20036,1,4,24.9,60,28.82,1.16,24.9,4
698,173,20055,1,3,27.4,62,78.57,2.87,26.52,4.4
699,128,20048,2,1,42.1,83,55.45,1.32,30.43,3.8
700,141,20053,4,4,31.2,65,31.05,1,28.8,4.6
701,116,20047,5,2,28.9,46,58.36,2.02,37.7,4.9
702,140,20029,1,4,15,36,22.85,1.52,25,3.6
703,158,20035,1,1,47.7,102,116.73,2.45,28.06,3.9
704,195,20053,3,3,29.4,58,38.47,1.31,30.41,4.5
705,161,20049,5,3,28.6,49,57.61,2.01,35.02,4.4
706,185,20037,5,2,49.6,82,37.04,0.75,36.29,4.5
707,198,20044,2,3,28.8,49,26.25,0.91,35.27,4
708,107,20036,4,4,34.4,56,39.17,1.14,36.86,4.8
709,152,20032,3,2,4.3,7,4.32,1,36.86,4.2
710,145,20052,2,2,48.7,121,78.57,1.61,24.15,4.5
711,162,20051,5,4,49.4,74,56.34,1.14,40.05,3.7
712,147,20038,5,2,38.5,58,74.69,1.94,39.83,4.9
713,170,20042,1,3,27.9,60,81.62,2.93,27.9,4.2
714,108,20046,1,3,28.7,64,69.03,2.41,26.91,4.6
715,140,20054,5,3,14.9,25,41.11,2.76,35.76,4.6
716,143,20053,2,2,44.7,72,102.88,2.3,37.25,4.7
717,138,20053,3,2,47.5,87,92.43,1.95,32.76,4.1
718,120,20051,5,3,6.3,13,18.39,2.92,29.08,5
719,111,20044,2,1,15,34,32.46,2.16,26.47,4
720,141,20032,1,2,38.3,64,20.38,0.53,35.91,4.2
721,103,20055,1,1,20.8,35,60.78,2.92,35.66,4.7
722,192,20035,3,4,8.7,20,7.61,0.87,26.1,4.3
723,148,20049,3,1,30.6,75,29.79,0.97,24.48,3.6
724,200,20043,2,4,16.1,38,46.82,2.91,25.42,3.5
725,185,20055,1,3,20.6,35,59.61,2.89,35.31,4.5
726,193,20041,5,2,45.6,70,117.39,2.57,39.09,4.4
727,170,20050,4,3,42.4,79,109.85,2.59,32.2,4.6
728,145,20043,5,4,12.7,23,7.47,0.59,33.13,4.9
729,194,20037,5,1,20.4,49,56.99,2.79,24.98,4.4
730,181,20037,2,4,26.7,55,56.28,2.11,29.13,4.7
731,197,20039,3,4,23.8,39,33.27,1.4,36.62,4.8
732,173,20047,4,1,11.1,23,29.71,2.68,28.96,4.3
733,189,20056,2,1,46.6,86,74.08,1.59,32.51,4.4
734,104,20053,3,3,23,41,59.44,2.58,33.66,4.3
735,147,20046,1,4,8.9,20,13.47,1.51,26.7,4.9
736,168,20035,4,3,37.5,75,112.08,2.99,30,4.5
737,199,20054,4,2,10.9,16,20.51,1.88,40.88,4.8
738,104,20030,1,1,17,29,33.85,1.99,35.17,3.5
739,125,20040,3,1,36.2,74,62.06,1.71,29.35,3.8
740,133,20048,2,3,32.7,65,78,2.39,30.18,4.3
741,188,20057,3,3,18.4,41,35.15,1.91,26.93,4.1
742,143,20057,3,3,33.9,52,25.17,0.74,39.12,4.6
743,168,20042,3,3,40.8,79,65.08,1.6,30.99,3.5
744,141,20051,5,4,1,2,2.63,2.63,30,4.9
745,187,20038,5,2,38.7,90,95.07,2.46,25.8,4.5
746,101,20034,5,2,32,52,17.8,0.56,36.92,4.6
747,114,20032,4,3,18.9,33,24.68,1.31,34.36,4.4
748,143,20040,5,4,24.1,58,28.91,1.2,24.93,4.3
749,110,20054,2,2,13.9,26,37.92,2.73,32.08,4.7
750,123,20038,5,3,10.2,23,28.52,2.8,26.61,4.2
751,161,20031,1,1,1.1,2,1.04,0.95,33,4.4
752,122,20056,5,2,1.5,3,1.5,1,30,4.9
753,123,20055,1,3,40.6,61,116.74,2.88,39.93,3.7
754,103,20032,4,4,1.8,3,3.57,1.98,36,4.9
755,191,20031,1,1,17.4,37,27.05,1.55,28.22,4.8
756,110,20033,3,1,14.2,28,28.15,1.98,30.43,3.5
757,187,20055,2,4,46.1,73,114.91,2.49,37.89,4.6
758,124,20043,3,4,34.9,80,90.14,2.58,26.18,4.1
759,175,20031,5,4,30.4,56,24,0.79,32.57,3.5
760,158,20037,4,1,22.6,54,52.49,2.32,25.11,4.1
761,161,20050,3,4,20.8,34,59.08,2.84,36.71,4.1
762,133,20057,1,1,7.1,15,12.74,1.79,28.4,4.3
763,125,20035,1,3,28.3,59,24.35,0.86,28.78,3.7
764,149,20043,5,2,39.1,92,23.61,0.6,25.5,3.9
765,132,20038,2,3,2.6,4,4.29,1.65,39,4.7
766,169,20031,4,1,36.6,70,50.83,1.39,31.37,4.1
767,173,20048,3,1,22.1,46,12.43,0.56,28.83,4.7
768,170,20048,5,2,31.3,49,51.43,1.64,38.33,3.8
769,200,20054,2,3,25.1,44,15.99,0.64,34.23,4.2
770,128,20041,5,1,2.2,4,3.95,1.8,33,3.5
771,186,20046,4,4,21.3,50,35.73,1.68,25.56,4.9
772,129,20045,4,1,4.8,10,12.46,2.6,28.8,4.3
773,153,20054,2,1,25.5,58,19.13,0.75,26.38,4.4
774,150,20033,5,4,46.4,111,137.83,2.97,25.08,4.1
775,157,20037,2,2,48.7,109,126.92,2.61,26.81,3.6
776,191,20057,1,2,28.3,67,60.89,2.15,25.34,3.5
777,169,20057,2,2,2.5,4,4.54,1.82,37.5,4.8
778,158,20041,4,2,3.3,6,6.92,2.1,33,4.4
779,130,20049,3,1,35,66,49.19,1.41,31.82,4.9
780,135,20030,2,1,7.7,11,15.99,2.08,42,4.7
781,169,20037,1,4,34.9,79,69.02,1.98,26.51,4.1
782,168,20031,4,4,7.5,17,11.05,1.47,26.47,4.1
783,174,20033,2,4,29.8,53,22.3,0.75,33.74,4.7
784,165,20035,3,2,15.9,36,45.61,2.87,26.5,3.6
785,108,20039,4,4,10.4,24,9.58,0.92,26,4.4
786,177,20036,4,3,39.4,66,51.16,1.3,35.82,3.8
787,198,20054,4,2,47.7,87,63.06,1.32,32.9,4.5
788,196,20047,4,1,35.1,63,43.25,1.23,33.43,4.3
789,172,20037,3,1,17.1,35,37.88,2.22,29.31,4.1
790,156,20033,2,1,39.8,80,77.51,1.95,29.85,4.2
791,179,20035,4,3,45.9,105,128.24,2.79,26.23,4.5
792,132,20040,2,3,27,63,27.68,1.03,25.71,4.8
793,120,20052,4,3,39,80,111.7,2.86,29.25,4
794,154,20034,2,3,10.4,19,16.54,1.59,32.84,4.2
795,139,20048,5,3,15.4,24,27.84,1.81,38.5,4.9
796,143,20055,5,4,11,27,22.16,2.01,24.44,4.6
797,195,20031,4,1,25.5,58,53.75,2.11,26.38,3.7
798,115,20030,2,1,26,39,29.53,1.14,40,3.5
799,118,20031,2,4,39.7,98,48.07,1.21,24.31,4
800,150,20049,2,2,29.9,54,83.43,2.79,33.22,4.8
801,137,20038,5,4,42.1,76,105.52,2.51,33.24,3.8
802,166,20045,2,2,37.4,70,56.18,1.5,32.06,4.5
803,171,20036,3,4,41.6,65,41.55,1,38.4,4.2
804,165,20041,2,2,18.5,34,28.04,1.52,32.65,4.2
805,150,20041,4,2,5.8,11,9.23,1.59,31.64,3.6
806,186,20038,5,4,29,44,76.12,2.62,39.55,4.7
807,170,20040,2,3,17.2,36,11.36,0.66,28.67,4
808,171,20033,4,4,6.8,11,6.6,0.97,37.09,4
809,200,20053,2,3,27.7,46,26.01,0.94,36.13,4.8
810,198,20034,1,1,30.7,66,35.42,1.15,27.91,3.9
811,166,20053,4,1,32,50,20.32,0.64,38.4,3.9
812,197,20042,5,3,5.7,9,16.41,2.88,38,4.6
813,122,20032,4,4,17,31,50.94,3,32.9,4.1
814,183,20045,2,2,32.7,62,81.16,2.48,31.65,4.2
815,119,20051,1,4,38.7,82,86.43,2.23,28.32,4.9
816,165,20033,1,3,6.6,15,16.89,2.56,26.4,4.5
817,149,20046,2,1,32.1,70,32.88,1.02,27.51,4.6
818,102,20029,5,4,5.8,13,5.58,0.96,26.77,4.6
819,179,20046,4,3,3.7,7,8.99,2.43,31.71,4
820,170,20031,3,1,33.5,63,71.47,2.13,31.9,3.6
821,185,20045,5,3,14.5,26,40.17,2.77,33.46,4
822,164,20033,5,1,44.4,109,33.07,0.74,24.44,4.1
823,134,20038,1,1,31,60,86.49,2.79,31,4.2
824,125,20056,5,4,45,79,124.28,2.76,34.18,4.9
825,153,20032,5,3,21.9,34,53.66,2.45,38.65,4.3
826,114,20029,3,3,40.7,65,74.2,1.82,37.57,3.8
827,130,20051,4,3,41.8,85,122.2,2.92,29.51,3.9
828,133,20057,2,4,11.4,25,23.69,2.08,27.36,3.5
829,105,20050,5,4,48.5,73,114.62,2.36,39.86,3.7
830,105,20043,3,3,4.7,8,11.02,2.34,35.25,4.9
831,189,20040,1,1,7.3,15,10.35,1.42,29.2,4.7
832,143,20043,2,4,33.8,70,86.99,2.57,28.97,4.3
833,173,20048,4,3,5.4,11,16.05,2.97,29.45,3.8
834,181,20055,5,3,42.1,80,36.08,0.86,31.58,4.5
835,122,20028,3,4,42.7,91,35.66,0.84,28.15,4.3
836,181,20034,5,4,17.5,40,39.28,2.24,26.25,3.8
837,107,20036,5,1,27.8,63,38.75,1.39,26.48,4.6
838,157,20035,1,4,44.8,87,131.4,2.93,30.9,4.2
839,147,20052,3,2,41.8,100,111.95,2.68,25.08,4.7
840,103,20034,5,2,28,66,31.67,1.13,25.45,4.6
841,173,20035,2,4,26.1,48,66.08,2.53,32.62,4.6
842,139,20048,5,2,38.9,65,84.67,2.18,35.91,4.1
843,177,20053,3,1,38.2,90,40.14,1.05,25.47,4.4
844,101,20037,2,3,18.9,36,13.1,0.69,31.5,4.7
845,196,20056,2,4,15.8,23,32.28,2.04,41.22,4.6
846,200,20041,5,1,22.1,42,64.37,2.91,31.57,4.7
847,151,20045,1,4,47.1,92,123.5,2.62,30.72,3.6
848,149,20034,5,3,2.7,5,8.04,2.98,32.4,4.9
849,174,20036,1,3,29.5,69,54,1.83,25.65,5
850,127,20054,2,1,17,39,16.87,0.99,26.15,4.7
851,128,20057,2,4,15.5,24,24.79,1.6,38.75,4.7
852,145,20057,5,1,3.3,5,6.55,1.98,39.6,4.1
853,115,20028,5,1,29.4,68,84.5,2.87,25.94,4.3
854,194,20056,5,2,34.7,63,29.02,0.84,33.05,4.3
855,102,20044,3,2,3.6,6,8.73,2.43,36,3.7
856,181,20057,4,3,11.1,18,8.56,0.77,37,4.4
857,170,20047,3,1,23.1,35,34.26,1.48,39.6,4.5
858,199,20046,3,3,39.7,91,65.13,1.64,26.18,3.7
859,103,20043,2,3,14.2,22,9.57,0.67,38.73,4.6
860,127,20048,5,3,41.1,94,96.4,2.35,26.23,4.6
861,126,20052,2,2,18.8,32,24.29,1.29,35.25,4
862,132,20046,4,2,6.1,12,7.07,1.16,30.5,3.8
863,167,20053,2,2,21.5,51,14.85,0.69,25.29,4.9
864,191,20049,1,2,40.4,77,43.27,1.07,31.48,4.1
865,133,20043,4,3,25.3,50,14.63,0.58,30.36,4.5
866,175,20046,5,4,45.4,75,61.72,1.36,36.32,4.7
867,140,20044,5,1,10.3,24,13.8,1.34,25.75,4
868,148,20033,3,3,42.5,71,126.67,2.98,35.92,4.9
869,181,20039,5,1,24.9,50,29.79,1.2,29.88,4
870,122,20051,2,3,20.2,43,33.51,1.66,28.19,4.3
871,131,20050,1,2,27.4,46,37.44,1.37,35.74,3.8
872,164,20037,5,2,36,73,105.72,2.94,29.59,4.7
873,184,20030,1,3,42.1,66,78.9,1.87,38.27,4.5
874,188,20043,2,3,21.4,51,47.74,2.23,25.18,4.9
875,126,20039,4,1,11.8,24,14.45,1.22,29.5,3.6
876,103,20046,1,4,17.4,40,49.53,2.85,26.1,4.6
877,171,20043,1,1,9.9,20,20.61,2.08,29.7,3.7
878,126,20048,2,2,14.9,25,35.6,2.39,35.76,3.5
879,171,20035,5,2,7.4,13,4.55,0.61,34.15,4.3
880,147,20045,2,4,25.3,60,73.41,2.9,25.3,4.4
881,120,20029,3,3,43.2,68,51.62,1.19,38.12,3.7
882,107,20042,5,2,18.7,34,11.46,0.61,33,4.6
883,140,20030,5,2,32.9,69,37.34,1.13,28.61,3.7
884,162,20054,3,2,43.5,74,22.03,0.51,35.27,3.9
885,174,20047,4,3,9.8,21,18.57,1.89,28,4.8
886,178,20041,4,4,27.7,62,78.25,2.82,26.81,4.6
887,142,20035,4,4,8.9,13,8.8,0.99,41.08,4
888,136,20028,2,1,6.5,13,7.19,1.11,30,4
889,146,20048,1,3,32.3,69,43.14,1.34,28.09,3.6
890,164,20033,2,1,46.4,78,33,0.71,35.69,4.8
891,110,20043,2,4,40.1,79,33.47,0.83,30.46,3.7
892,189,20042,3,2,20.2,38,20.63,1.02,31.89,4.5
893,102,20038,4,1,26.4,50,57.84,2.19,31.68,3.7
894,103,20031,4,4,8.3,18,6.13,0.74,27.67,4.8
895,127,20038,1,1,15.9,38,16.76,1.05,25.11,4
896,195,20030,1,2,10.5,24,9,0.86,26.25,3.8
897,144,20035,3,4,47.3,89,54.05,1.14,31.89,4.9
898,152,20035,4,4,48,74,93.67,1.95,38.92,3.8
899,149,20037,5,4,24.3,58,71.47,2.94,25.14,3.7
900,110,20033,3,3,12,20,14.46,1.21,36,4.1
901,117,20057,5,4,48,85,27.13,0.57,33.88,3.9
902,176,20051,3,2,32.7,69,46.06,1.41,28.43,4.9
903,121,20030,3,2,8.9,16,19.32,2.17,33.38,4.6
904,146,20036,2,4,30.1,57,56.08,1.86,31.68,4.4
905,163,20038,5,1,33.8,61,71.96,2.13,33.25,4.1
906,162,20045,1,2,43.2,70,110.33,2.55,37.03,4
907,128,20035,4,1,46.3,88,136.03,2.94,31.57,4.8
908,132,20032,1,1,42.2,88,104.58,2.48,28.77,4.3
909,166,20048,4,2,24,43,69.34,2.89,33.49,4
910,102,20040,2,4,12.3,19,10.8,0.88,38.84,3.7
911,158,20057,3,3,4.2,10,3.03,0.72,25.2,3.9
912,189,20029,5,4,41.4,84,32.86,0.79,29.57,3.7
913,162,20028,2,4,16.1,32,36.96,2.3,30.19,4.9
914,193,20030,1,4,47.1,79,138.02,2.93,35.77,4
915,116,20054,1,1,46.9,109,91.39,1.95,25.82,5
916,143,20034,3,1,19.6,30,14.03,0.72,39.2,4.8
917,198,20048,2,4,42.5,76,105.34,2.48,33.55,4.9
918,114,20036,1,3,15.9,35,30.69,1.93,27.26,3.8
919,163,20028,2,3,31.9,49,31.71,0.99,39.06,3.7
920,107,20042,2,2,1.8,2,3.66,2.03,54,4
921,138,20034,4,3,41.2,98,30.99,0.75,25.22,3.8
922,102,20040,1,1,30.9,68,53.92,1.74,27.26,3.6
923,173,20057,4,4,11.1,25,8.44,0.76,26.64,4
924,197,20046,5,2,45.4,100,72.04,1.59,27.24,3.7
925,164,20040,2,1,9.4,19,18.92,2.01,29.68,4.7
926,191,20040,3,2,37.7,62,100.25,2.66,36.48,3.7
927,177,20030,5,3,33.9,51,98.82,2.92,39.88,4.9
928,158,20052,3,3,21.9,53,40.26,1.84,24.79,3.8
929,148,20030,4,1,29.9,53,54.18,1.81,33.85,4.3
930,170,20051,4,3,9.3,15,12.3,1.32,37.2,4.2
931,175,20036,2,2,11.6,23,11.06,0.95,30.26,4.9
932,194,20035,4,4,8.9,17,18.95,2.13,31.41,3.8
933,195,20029,1,2,26.9,54,74.26,2.76,29.89,4
934,111,20051,1,3,31.4,57,92.46,2.94,33.05,4.5
935,177,20040,1,4,4.9,10,9.01,1.84,29.4,4
936,101,20050,1,3,29,59,68.11,2.35,29.49,3.7
937,132,20035,3,1,5.2,12,4.81,0.92,26,3.6
938,142,20033,5,3,7.8,13,14.62,1.87,36,4.6
939,193,20056,5,4,24.7,39,56.52,2.29,38,4.5
940,185,20052,5,2,3.3,6,2.76,0.84,33,3.6
941,171,20047,4,4,38.7,69,65.74,1.7,33.65,3.8
942,181,20039,3,4,27,47,71.15,2.64,34.47,4.1
943,133,20030,4,4,26.7,41,72.16,2.7,39.07,3.7
944,199,20031,1,2,5.2,10,9.56,1.84,31.2,4.2
945,189,20057,2,1,38.1,68,79.67,2.09,33.62,3.5
946,178,20040,2,4,36.8,80,103.94,2.82,27.6,4.8
947,182,20041,1,2,10.3,22,20.25,1.97,28.09,4
948,104,20034,3,1,41.7,71,40.41,0.97,35.24,3.6
949,168,20035,4,1,33.2,50,32.74,0.99,39.84,4.6
950,158,20031,1,1,15.1,31,31.03,2.05,29.23,3.5
951,110,20033,2,2,45.6,83,97.42,2.14,32.96,4.1
952,179,20046,2,1,17.1,31,25.79,1.51,33.1,3.6
953,153,20036,1,3,47.5,72,140.41,2.96,39.58,3.7
954,119,20054,4,2,18.6,31,35.37,1.9,36,3.9
955,106,20055,1,2,20.5,47,56.3,2.75,26.17,3.7
956,112,20047,2,3,31.3,56,48.35,1.54,33.54,4.3
957,158,20034,5,3,44.5,96,127.79,2.87,27.81,3.7
958,177,20053,2,1,33.8,51,73.33,2.17,39.76,4.8
959,139,20056,1,2,3,6,2.59,0.86,30,3.8
960,174,20035,3,2,43.4,82,76.24,1.76,31.76,4
961,106,20053,3,2,46.3,96,51.44,1.11,28.94,3.6
962,103,20030,3,4,12.5,22,14.97,1.2,34.09,4.2
963,186,20048,2,1,2.2,5,4.33,1.97,26.4,4.1
964,186,20037,4,4,12.5,18,14.88,1.19,41.67,3.7
965,136,20035,2,4,34.5,80,24.6,0.71,25.88,4.4
966,149,20051,4,2,33.5,69,43.84,1.31,29.13,4.9
967,174,20042,5,1,45.8,96,22.96,0.5,28.62,4.3
968,115,20039,4,4,41.6,77,81.54,1.96,32.42,4.6
969,181,20040,4,2,29.6,68,55.36,1.87,26.12,4.8
970,139,20032,2,1,30.1,66,38.13,1.27,27.36,4.2
971,164,20046,3,2,48.5,106,138.59,2.86,27.45,3.9
972,190,20035,5,3,47,72,58.89,1.25,39.17,4.2
973,137,20037,4,2,27.6,50,17.14,0.62,33.12,3.6
974,158,20046,4,3,4.8,9,14.18,2.95,32,4.5
975,125,20030,1,1,34.9,81,97.8,2.8,25.85,4.9
976,116,20045,1,3,25.8,64,35.46,1.37,24.19,4.8
977,136,20050,1,4,37.2,65,65.5,1.76,34.34,4.4
978,109,20057,5,2,2.9,5,1.6,0.55,34.8,4
979,155,20050,5,4,34.9,78,52.32,1.5,26.85,4.9
980,164,20030,1,3,11.1,25,28.5,2.57,26.64,4.9
981,176,20036,2,4,16.1,24,31.69,1.97,40.25,4.9
982,117,20053,1,4,17.8,37,34.66,1.95,28.86,3.6
983,151,20057,3,1,48.5,77,138.11,2.85,37.79,4.9
984,190,20035,1,2,38.3,95,46.59,1.22,24.19,3.7
985,123,20051,2,4,6.5,13,18.63,2.87,30,4.8
986,162,20034,5,3,31.2,64,80.1,2.57,29.25,4.5
987,142,20054,3,2,36.2,74,103.64,2.86,29.35,4
988,170,20056,3,2,10.7,20,27.31,2.55,32.1,4.3
989,148,20040,2,1,34.3,84,101.02,2.95,24.5,4.1
990,114,20048,5,2,5.7,12,6.45,1.13,28.5,4.2
991,109,20038,4,1,24.1,42,68.89,2.86,34.43,4.7
992,126,20049,2,4,27.9,52,70.48,2.53,32.19,4.8
993,108,20045,2,4,34.8,74,58.05,1.67,28.22,4
994,134,20046,5,4,6,14,5.63,0.94,25.71,4.8
995,158,20044,3,4,39.1,59,81.14,2.08,39.76,4
996,189,20033,3,3,45.8,95,95.92,2.09,28.93,4.2
997,104,20039,5,2,4.8,10,4.91,1.02,28.8,4.5
998,108,20042,4,1,44.8,99,72.22,1.61,27.15,3.7
999,163,20028,3,4,44.7,93,114.69,2.57,28.84,4.4
1000,187,20054,3,2,33.4,74,86.1,2.58,27.08,3.6
